Selestina,Marrian,smarrian0@twitpic.com,b442gUTzgvb
Shawnee,Bartholomaus,sbartholomaus1@cargocollective.com,4poCV4BMsbh
Rafaello,Stolte,rstolte2@list-manage.com,1wV5PkXOVp
Halli,Eblein,heblein3@mit.edu,Mf3cj0znbrB
Claudette,McCambridge,cmccambridge4@si.edu,BJottyao
Lodovico,Larrington,llarrington5@soundcloud.com,p31gsbLrqS4
Hailee,Weeds,hweeds6@domainmarket.com,a8VAAKPIx
Cullen,Appleton,cappleton7@vimeo.com,ofZZwVhUc
Fairfax,Sedgemond,fsedgemond8@youtube.com,tYkQs04eUUa
Tobiah,Guihen,tguihen9@taobao.com,Z4AiYGakf